alias,canonical,confidence,note
Atlas Intel,AtlasIntel,alta,
AtlasIntel,AtlasIntel,alta,
Universidad de San Andrés,ESPOP (UdeSA),alta,Encuesta de Satisfacción Política y Opinión Pública (UdeSA)
UdeSA,ESPOP (UdeSA),alta,
ESPOP (UdeSA),ESPOP (UdeSA),alta,
Zuban Córdoba & Asociados,Zuban Córdoba,alta,
Zuban Cordoba,Zuban Córdoba,alta,
Zuban Córdoba,Zuban Córdoba,alta,
Gustavo Córdoba y Asociados,Zuban Córdoba,revisar,Gustavo Córdoba dirige Zuban Córdoba; confirmar que es la misma firma
Gustavo Córdoba,Zuban Córdoba,revisar,idem
Reale Dallatorre,Reale Dalla Torre,alta,
Real Dalla Torre,Reale Dalla Torre,alta,
Reale Dalla Torre,Reale Dalla Torre,alta,
Trespuntocero,Trespuntozero,alta,
Trespuntozero,Trespuntozero,alta,
Proyección,Proyección Consultores,alta,
Proyección Consultores,Proyección Consultores,alta,
Tendencias,Consultora Tendencias,alta,
Consultora Tendencias,Consultora Tendencias,alta,
Clivajes,Clivajes Consultores,alta,
Clivajes Consultores,Clivajes Consultores,alta,
Circuitos,Circuitos Consultora,alta,
Circuitos Consultora,Circuitos Consultora,alta,
Opinión Pública Servicios y Mercados,OPSM,alta,
OPSM,OPSM,alta,
Aurelio,Aresco,revisar,Julio Aurelio dirige Aresco; confirmar
Julio Aurelio,Aresco,revisar,idem
Consultora Aresco,Aresco,alta,
Aresco,Aresco,alta,
IPSOS,Ipsos,alta,
Ipsos-Mora y Araujo,Ipsos,alta,
Ipsos,Ipsos,alta,
Hugo Jaime & Asociados,Hugo Haime & Asociados,alta,errata en la fuente
Hugo Haime y Asociados,Hugo Haime & Asociados,alta,
Hugo Haime Consultora,Hugo Haime & Asociados,alta,
Ricardo Rouvier y Asociados,Ricardo Rouvier & Asociados,alta,
Ricardo Rouvier,Ricardo Rouvier & Asociados,alta,
Rouvier & Asociados,Ricardo Rouvier & Asociados,alta,
Ricardo Rouvier & Asociados,Ricardo Rouvier & Asociados,alta,
Raúl Aragón,Raúl Aragón & Asociados,alta,
Raúl G. Aragón & Asociados,Raúl Aragón & Asociados,alta,
Raúl Aragón y asoc.,Raúl Aragón & Asociados,alta,
Raúl Aragón & Asociados,Raúl Aragón & Asociados,alta,
Federico González y Asociados,Federico González & Asociados,alta,
Federico González & Asociados,Federico González & Asociados,alta,
Giacobbe y asociados,Giacobbe & Asociados,alta,
Giacobbe & Asociados,Giacobbe & Asociados,alta,
Consultora Dicen,Dicen,alta,
Dicen,Dicen,alta,
CB Global Data,CB Consultora,revisar,CB Consultora Opinión Pública publica hoy como CB Global Data; confirmar
Datos globales de CB,CB Consultora,revisar,traducción automática de CB Global Data en la fuente
CB Consultora,CB Consultora,alta,
Opinargentina,Opina Argentina,alta,
Opina Argentina,Opina Argentina,alta,
Explicans,Explanans,alta,traducción automática en la fuente
Consultora Delfos,Delfos,alta,
Analogias,Analogías,alta,
Inteligencia Analitica,Inteligencia Analítica,alta,
D&#39;Alessio IROL y Berensztein,D'Alessio IROL y Berensztein,alta,entidad HTML en la fuente
